vendor_id,vendor_name,email,fund_id
V001,Global Resources,contact@globalresources.com,1
V002,Food Energy,contact@foodenergy.com,2
V003,Green Guys,contact@greenguys.com,3
V004,Green Aid,contact@greenaid.com,4
V005,Global Energy,contact@globalenergy.com,5
V006,Cleaning Systems,contact@cleaningsystems.com,6
V007,Tech Solutions,contact@techsolutions.com,7
V008,Water Essentials,contact@wateressentials.com,8
V009,Edu Systems,contact@edusystems.com,9
V010,Prime Partners,contact@primepartners.com,10
V011,Green Resources,contact@greenresources.com,11
V012,Secure Services,contact@secureservices.com,12
V013,Green Partners,contact@greenpartners.com,13
V014,Prime Solutions,contact@primesolutions.com,14
V015,Medical Partners,contact@medicalpartners.com,15
V016,Office Energy,contact@officeenergy.com,16
V017,Edu Energy,contact@eduenergy.com,17
V018,Tech Guys,contact@techguys.com,18
V019,Food Systems,contact@foodsystems.com,19
V020,Medical Aid,contact@medicalaid.com,20
V021,Tech Solutions,contact@techsolutions.com,21
V022,Tech Supplies,contact@techsupplies.com,22
V023,Medical Partners,contact@medicalpartners.com,23
V024,Cleaning Services,contact@cleaningservices.com,24
V025,Tech Essentials,contact@techessentials.com,25
V026,Secure Solutions,contact@securesolutions.com,26
V027,Green Guys,contact@greenguys.com,27
V028,Green Systems,contact@greensystems.com,28
V029,Green Essentials,contact@greenessentials.com,29
V030,Water Systems,contact@watersystems.com,30
V031,Secure Partners,contact@securepartners.com,31
V032,Food Systems,contact@foodsystems.com,32
V033,Food Solutions,contact@foodsolutions.com,33
V034,Medical Resources,contact@medicalresources.com,34
V035,Global Services,contact@globalservices.com,35
V036,Edu Supplies,contact@edusupplies.com,36
V037,Prime Essentials,contact@primeessentials.com,37